offset,model,level,rows,roots,nll,normalized_rms,margin_mean,wrong_cuts,wrong_cut_rate,excess_ge_2,excess_ge_4,estimated_node_ratio
-4,current,74,11569,559,2.412105866502215,1.2358923152574162,5.958319383997321,699,0.005225816580566541,171,65,0.6475258487740101
-4,current,88,11569,559,2.412105866502215,1.2358923152574162,7.990291262135922,322,0.0028336090675490162,62,32,0.7010147770368691
-4,current,93,11569,559,2.412105866502215,1.2358923152574162,9.278038165383327,243,0.0023920148048982163,42,27,0.7262457223146548
-4,rms_refit,74,11569,559,2.4391180945272626,1.2508372702356594,6.004184800803482,695,0.0052139599087744565,170,63,0.652442986744556
-4,rms_refit,88,11569,559,2.4391180945272626,1.2508372702356594,8.054737194509542,314,0.0027785889369685065,61,34,0.69885122211818
-4,rms_refit,93,11569,559,2.4391180945272626,1.2508372702356594,9.315199196518245,241,0.002380952380952381,43,27,0.7273841774572383
-4,safety_refit,74,11569,559,2.3989365970005094,1.222263809922905,5.99096083026448,690,0.005171289599712207,169,65,0.6506536857498192
-4,safety_refit,88,11569,559,2.3989365970005094,1.222263809922905,8.03632407097422,317,0.002800773967822023,60,32,0.7008842801998386
-4,safety_refit,93,11569,559,2.3989365970005094,1.222263809922905,9.315701372614663,242,0.002390453988699672,43,27,0.7267603216332452
-2,current,74,13636,559,2.37623666116316,1.2737972786885035,5.497699291132943,847,0.004549849591749033,204,79,0.6196688099730524
-2,current,88,13636,559,2.37623666116316,1.2737972786885035,7.330928988931725,381,0.0023630837933387087,83,32,0.6561099115775085
-2,current,93,13636,559,2.37623666116316,1.2737972786885035,8.507897027732868,267,0.0018282912666566235,48,23,0.6791432076822663
-2,rms_refit,74,13636,559,2.409392950437203,1.2911404917130815,5.5259296107449325,846,0.0045545087483176315,202,78,0.6245443147303955
-2,rms_refit,88,13636,559,2.409392950437203,1.2911404917130815,7.413878870787215,377,0.0023541165818477005,82,35,0.6596586341431954
-2,rms_refit,93,13636,559,2.409392950437203,1.2911404917130815,8.563362765825147,261,0.001796716345988366,47,22,0.6850664070050365
-2,safety_refit,74,13636,559,2.3429173742943723,1.2425460238874118,5.513244621315756,836,0.004496025642404621,201,78,0.6201593425373454
-2,safety_refit,88,13636,559,2.3429173742943723,1.2425460238874118,7.378062430046014,377,0.002347286300440194,83,32,0.6595987419808558
-2,safety_refit,93,13636,559,2.3429173742943723,1.2425460238874118,8.547195622435021,260,0.001787101253032917,48,23,0.6847405679217025
0,current,74,15590,559,2.2771961005344536,1.3293276352618693,4.432916458229115,925,0.003706568038564336,238,70,0.5917914988693793
0,current,88,15590,559,2.2771961005344536,1.3293276352618693,5.895447723861931,398,0.001776032486222361,90,25,0.6197256712125778
0,current,93,15590,559,2.2771961005344536,1.3293276352618693,6.771885942971486,272,0.0013001166281092862,52,16,0.6330362596001807
0,rms_refit,74,15590,559,2.3124036802924506,1.3417394231202644,4.501050525262631,896,0.0036080149474904968,232,69,0.5919390843102382
0,rms_refit,88,15590,559,2.3124036802924506,1.3417394231202644,5.999299649824913,376,0.0016915297547281855,83,24,0.6205886515057001
0,rms_refit,93,15590,559,2.3124036802924506,1.3417394231202644,6.897348674337168,260,0.001255456406690617,48,15,0.638612318033036
0,safety_refit,74,15590,559,2.2316663615572905,1.2881361889146807,4.465232616308154,904,0.0036307699722471012,230,69,0.5920257131288361
0,safety_refit,88,15590,559,2.2316663615572905,1.2881361889146807,5.951575787893947,392,0.0017567761365266026,85,25,0.61970427414374
0,safety_refit,93,15590,559,2.2316663615572905,1.2881361889146807,6.8302151075537765,264,0.0012677436084593075,49,16,0.6378778337463743
2,current,74,16567,559,1.8496227048761593,1.1195769726766005,3.614746627779803,709,0.002447393129349387,183,30,0.5686266920245938
2,current,88,16567,559,1.8496227048761593,1.1195769726766005,4.793109733868028,268,0.0010046295428560719,64,14,0.5914673799918022
2,current,93,16567,559,1.8496227048761593,1.1195769726766005,5.534086766314254,161,0.0006371266774041639,33,7,0.6050085536808842
2,rms_refit,74,16567,559,1.8630214469402824,1.1301559705952482,3.6215822092599343,715,0.0024692637104572453,185,31,0.5698637870033405
2,rms_refit,88,16567,559,1.8630214469402824,1.1301559705952482,4.804958075100255,260,0.0009754340681603314,64,13,0.5933872766725682
2,rms_refit,93,16567,559,1.8630214469402824,1.1301559705952482,5.516861100984324,158,0.0006245182711120774,31,7,0.604942575285043
2,safety_refit,74,16567,559,1.83256944737664,1.1009011364350283,3.6332482683193583,695,0.0024020931044374783,178,30,0.5695475624075604
2,safety_refit,88,16567,559,1.83256944737664,1.1009011364350283,4.808056872037914,262,0.000983247267923622,62,14,0.5940914696820915
2,safety_refit,93,16567,559,1.83256944737664,1.1009011364350283,5.541469194312796,160,0.000633532896195635,35,6,0.6055036981058115
4,current,74,13629,559,1.8915519599494939,1.1658606082866438,3.51680358476475,438,0.0020498612365624108,103,19,0.5647731157524293
4,current,88,13629,559,1.8915519599494939,1.1658606082866438,4.6859596713965646,174,0.000883239764063309,34,9,0.5862634714938656
4,current,93,13629,559,1.8915519599494939,1.1658606082866438,5.35698282300224,123,0.0006550776506678597,23,6,0.5924429914650571
4,rms_refit,74,13629,559,1.909214160003453,1.1760666933769233,3.537092357480707,440,0.0020620875824835035,100,19,0.564603930067911
4,rms_refit,88,13629,559,1.909214160003453,1.1760666933769233,4.717201891959173,175,0.0008903133903133903,34,9,0.5895424973529712
4,rms_refit,93,13629,559,1.909214160003453,1.1760666933769233,5.3714214588001,118,0.0006292897025806211,21,6,0.5928839499278628
4,safety_refit,74,13629,559,1.883594471532122,1.1546191710035072,3.5380881254667664,429,0.0020106673165793346,98,19,0.5647740284921067
4,safety_refit,88,13629,559,1.883594471532122,1.1546191710035072,4.723674383868558,170,0.0008652632436174111,33,9,0.5873307987220179
4,safety_refit,93,13629,559,1.883594471532122,1.1546191710035072,5.36420214090117,121,0.0006448174793498534,23,6,0.5926107367630926
