epoch,accuracy,loss,top3,top5,val_accuracy,val_loss,val_top3,val_top5
0,0.41809192299842834,1.7805612087249756,0.7052786946296692,0.8304800987243652,0.470808744430542,1.5495144128799438,0.7707124352455139,0.8876380324363708
1,0.49428871273994446,1.4587512016296387,0.7963892221450806,0.9063108563423157,0.5047092437744141,1.4216586351394653,0.807660698890686,0.9148231148719788
2,0.5248434543609619,1.3503786325454712,0.8264691829681396,0.9269916415214539,0.522545576095581,1.3512219190597534,0.8255468606948853,0.9273703098297119
3,0.5453015565872192,1.2786500453948975,0.8454434871673584,0.9390979409217834,0.5344866514205933,1.3073233366012573,0.8375065922737122,0.9356935620307922
4,0.5603554844856262,1.2250957489013672,0.8589416146278381,0.947295069694519,0.5437309145927429,1.2738515138626099,0.8457913398742676,0.940554678440094
5,0.5722963809967041,1.1830027103424072,0.8690965175628662,0.9533465504646301,0.5474445223808289,1.256615161895752,0.8519404530525208,0.9440716505050659
6,0.5828759670257568,1.1480786800384521,0.8773015737533569,0.9578847885131836,0.5553932189941406,1.2314348220825195,0.8569135069847107,0.9471817016601562
7,0.5912621021270752,1.1192541122436523,0.8840824365615845,0.9615811705589294,0.557420551776886,1.2216248512268066,0.8592158555984497,0.9488580226898193
8,0.5987911224365234,1.095224380493164,0.8894308805465698,0.9644701480865479,0.5597378015518188,1.2166801691055298,0.8604989647865295,0.9496371150016785
9,0.6053792238235474,1.0736457109451294,0.8944579362869263,0.9670107960700989,0.5612175464630127,1.2116639614105225,0.862811267375946,0.9508280754089355
10,0.6118658185005188,1.0542140007019043,0.8988088965415955,0.9691570997238159,0.5632734894752502,1.2088454961776733,0.863592803478241,0.9510247111320496
11,0.6177938580513,1.0361628532409668,0.9027420282363892,0.970956027507782,0.5635584592819214,1.2111034393310547,0.8635678887367249,0.9512736201286316
12,0.6233683228492737,1.0196654796600342,0.9063343405723572,0.9727053642272949,0.5652522444725037,1.2149925231933594,0.864563524723053,0.9517838954925537
13,0.6287422776222229,1.0039860010147095,0.9096378684043884,0.9742215275764465,0.5650954246520996,1.219948172569275,0.8636662364006042,0.951155424118042
14,0.6338937878608704,0.9892061352729797,0.9128398299217224,0.9756081700325012,0.5644221305847168,1.22519850730896,0.8638479113578796,0.9509612321853638
15,0.6389381289482117,0.9747937917709351,0.9157081246376038,0.9767388105392456,0.5651688575744629,1.2281603813171387,0.8638578653335571,0.9511504173278809
16,0.6437203288078308,0.9613234400749207,0.9184409379959106,0.9779147505760193,0.5635510087013245,1.2390588521957397,0.8625237941741943,0.9501684904098511
17,0.6482537388801575,0.9484217762947083,0.9210891127586365,0.9789431691169739,0.5628565549850464,1.2526583671569824,0.8618579506874084,0.9497092962265015
18,0.6525722146034241,0.9363265633583069,0.9233704209327698,0.9798351526260376,0.5622255802154541,1.2597211599349976,0.8609021902084351,0.9491467475891113
19,0.6570552587509155,0.9243607521057129,0.9256390333175659,0.9807749390602112,0.5608603358268738,1.2754216194152832,0.8605225682258606,0.9486576914787292
20,0.6610076427459717,0.9134045839309692,0.9277069568634033,0.9816028475761414,0.5607794523239136,1.2815097570419312,0.8596788048744202,0.9478611946105957
21,0.6651157736778259,0.9017472863197327,0.9297507405281067,0.9823761582374573,0.560035228729248,1.290592074394226,0.8585014939308167,0.9477242827415466
22,0.6687425971031189,0.8914798498153687,0.9316949844360352,0.9830145835876465,0.5592524409294128,1.3044893741607666,0.8580584526062012,0.9472314715385437
23,0.6722415685653687,0.8817564845085144,0.9335244297981262,0.9837222695350647,0.5587645769119263,1.3176438808441162,0.8575482368469238,0.9467124938964844
24,0.6758770942687988,0.8716875314712524,0.9351789951324463,0.9843474626541138,0.5577229261398315,1.3335647583007812,0.8564555048942566,0.9461910724639893
25,0.6790801286697388,0.8629536628723145,0.936657190322876,0.984920084476471,0.5564858913421631,1.3500328063964844,0.8543696999549866,0.9449913501739502
26,0.6823189854621887,0.8537485599517822,0.9382070302963257,0.9854472875595093,0.5557591319084167,1.359905481338501,0.8540685772895813,0.9445545077323914
27,0.6857725381851196,0.8448469638824463,0.939612090587616,0.9859494566917419,0.5540889501571655,1.3676427602767944,0.8529858589172363,0.9440380334854126
28,0.6887198090553284,0.8367196917533875,0.9410678744316101,0.9863870739936829,0.5539695024490356,1.3881632089614868,0.8522577881813049,0.9433871507644653
29,0.6916192173957825,0.8287748098373413,0.9423270225524902,0.986840546131134,0.5544772744178772,1.3979754447937012,0.8517624735832214,0.9425035715103149
30,0.6942161917686462,0.821298360824585,0.9434934258460999,0.9872966408729553,0.5523889660835266,1.4026614427566528,0.8504146933555603,0.9422397017478943
31,0.6968251466751099,0.8139258623123169,0.9447208046913147,0.9876354932785034,0.5515738129615784,1.4235734939575195,0.8495945334434509,0.941585123538971
32,0.6994120478630066,0.8069848418235779,0.9457975029945374,0.9879924654960632,0.5504711866378784,1.4381592273712158,0.849823534488678,0.941400945186615
33,0.7019603252410889,0.8001416921615601,0.9468013048171997,0.9883910417556763,0.5507088899612427,1.4449529647827148,0.8488752245903015,0.9409329891204834
34,0.7040467858314514,0.7938186526298523,0.9479128122329712,0.9885901808738708,0.5503367781639099,1.4688024520874023,0.8489088416099548,0.941208004951477
35,0.706545889377594,0.7868956923484802,0.948893666267395,0.9889742732048035,0.5490997433662415,1.472288727760315,0.8470781445503235,0.9395939111709595
36,0.708738386631012,0.7809349894523621,0.9497987627983093,0.9892478585243225,0.5475116968154907,1.4850757122039795,0.8461933135986328,0.9391197562217712
37,0.7107720971107483,0.775390625,0.9506812691688538,0.9895254373550415,0.5477867722511292,1.499314785003662,0.8453992605209351,0.9387277364730835
38,0.7131863236427307,0.7690892219543457,0.9516010880470276,0.9897719621658325,0.5455877184867859,1.51662278175354,0.8448628783226013,0.9387364387512207
39,0.7147949934005737,0.7640162706375122,0.9522511959075928,0.9900540113449097,0.5460307598114014,1.525734305381775,0.8439581394195557,0.9380693435668945
40,0.716970682144165,0.7584190964698792,0.9531408548355103,0.9903044700622559,0.5447949767112732,1.5391610860824585,0.8432811498641968,0.937622606754303
41,0.7186957597732544,0.7534374594688416,0.9538204073905945,0.9904822707176208,0.5446195006370544,1.5560084581375122,0.8426439166069031,0.9369468092918396
42,0.7206693887710571,0.7481655478477478,0.954565703868866,0.9907385110855103,0.5433425903320312,1.565872311592102,0.8428841233253479,0.93716961145401
43,0.7222435474395752,0.7435950040817261,0.9552525281906128,0.9909499287605286,0.5441204309463501,1.5692682266235352,0.8425182700157166,0.936117947101593
44,0.7241967916488647,0.7386381030082703,0.9558746218681335,0.9911229014396667,0.544219970703125,1.593745470046997,0.8423452377319336,0.9362685680389404
45,0.7256619334220886,0.7343743443489075,0.9565948843955994,0.9913195371627808,0.5432007312774658,1.6014254093170166,0.8409949541091919,0.9353563189506531
46,0.7270263433456421,0.7299149632453918,0.9571815133094788,0.9914898872375488,0.5425449013710022,1.6122711896896362,0.8407224416732788,0.9351397752761841
47,0.7285085916519165,0.7258228063583374,0.9577390551567078,0.9916936755180359,0.5425971746444702,1.6303367614746094,0.8403167128562927,0.935251772403717
48,0.730024516582489,0.72148197889328,0.9583286046981812,0.9917641282081604,0.5423420071601868,1.6425092220306396,0.8398661613464355,0.9346320033073425
49,0.7315985560417175,0.7171720862388611,0.9588653445243835,0.9919965267181396,0.5419338345527649,1.658315896987915,0.8396185040473938,0.9341379404067993
